,Name,image
0,locations wine ca red nv,https://vinepair.com/wp-content/uploads/2022/04/btb-red-blends-card-locations.jpg
1,château minuty 281 2021,https://vinepair.com/wp-content/uploads/2022/05/buy-this-booze-top-roses-2022-card-chateau-minuty.jpg
2,flowers vineyards & winery sonoma coast chardonnay 2019,https://vinepair.com/wp-content/uploads/2022/05/buy-this-booze-chardonnay-card-flowers.jpg
3,chateau massereau tradition 2018,https://vinepair.com/wp-content/uploads/2021/11/btbbordeaux_card_chateaumassereau.jpg
4,cathedral ridge winery 'the daughter's reserve' 2016,https://vinepair.com/wp-content/uploads/2022/04/btb-red-blends-card-the-daughters.jpg
5,freemark abbey napa valley cabernet sauvignon 2017,https://vinepair.com/wp-content/uploads/2021/10/btbcab_card_freemark.jpg
6,breaking bread field blend cuvee 2020,https://vinepair.com/wp-content/uploads/2022/04/btb-red-blends-card-breaking-bread.jpg
7,cakebread cellars sauvignon blanc 2021,https://vinepair.com/wp-content/uploads/2022/07/sauvignon-blanc-card-cakebread-cellars.jpg
8,merry edwards winery sonoma coast pinot noir 2019,https://vinepair.com/wp-content/uploads/2022/02/btbpinotnoir_card_merry-edwards.jpg
9,jadix picpoul de pinet 2019,https://vinepair.com/wp-content/uploads/2021/02/winereview_card_jadix_picpouldepinet.jpg
10,bisol desiderio jeio prosecco brut nv,https://vinepair.com/wp-content/uploads/2021/02/jeio_review_card.jpg
11,krug brut rosé 25th edition nv,https://vinepair.com/wp-content/uploads/2022/06/buy-this-booze-sparkling-rose-2022-card-krug.jpg
12,billecart-salmon 'cuvee elisabeth salmon' brut rose millesime 2008,https://vinepair.com/wp-content/uploads/2021/12/btbchampagne_card_billecart.jpg
13,chateau ste. michelle columbia valley rosé 2021,https://vinepair.com/wp-content/uploads/2022/05/buy-this-booze-top-roses-2022-card-chateau-ste-michelle.jpg
14,louis roederer cristal millésimé brut 2012,https://vinepair.com/wp-content/uploads/2020/12/louisroederer_card.jpg
15,loveblock sauvignon blanc 2020,https://vinepair.com/wp-content/uploads/2022/07/sauvignon-blanc-card-Loveblock-Sauvignon-Blanc.jpg
16,bojo do luar doralice 2021,https://vinepair.com/wp-content/uploads/2022/07/buy-this-booze-orange-wines-card-doralice.jpg
17,sokol blosser blossom ridge sparkling rosé 2017,https://vinepair.com/wp-content/uploads/2022/06/buy-this-booze-sparkling-rose-2022-card-sokol.jpg
18,louis roederer brut premier nv,https://vinepair.com/wp-content/uploads/2020/12/btb_champagne_card_louisroedererbrutpremier.jpg
19,captûre pine mountain cabernet sauvignon 2017,https://vinepair.com/wp-content/uploads/2021/10/btbcab_card_capture.jpg
20,schramsberg vineyards mirabelle brut rosé nv,https://vinepair.com/wp-content/uploads/2022/06/buy-this-booze-sparkling-rose-2022-card-mirabelle.jpg
21,pegasus bay pinot noir 2019,https://vinepair.com/wp-content/uploads/2022/02/btbpinotnoir_card_pegasus.jpg
22,perrier-jouet blanc de blancs brut nv,https://vinepair.com/wp-content/uploads/2021/12/btbchampagne_card_perrierjouet.jpg
23,dutton- goldfield chileno valley vineyard riesling 2018,https://vinepair.com/wp-content/uploads/2021/01/winereview_card_duttongoldfieldriesling.jpg
24,g&c lurton l'orange wine 2021,https://vinepair.com/wp-content/uploads/2022/07/buy-this-booze-orange-wines-card-lurton.jpg
25,cade sauvignon blanc 2020,https://vinepair.com/wp-content/uploads/2021/08/btbsauvignonblanc_cadesauvignonblanc2020_card.jpg
26,la jota cabernet sauvignon 2018,https://vinepair.com/wp-content/uploads/2022/06/buy-this-booze-cabernet-sauvignon-card-la-jota.jpg
27,knights bridge 'kb estate' red blend 2019,https://vinepair.com/wp-content/uploads/2022/04/btb-red-blends-card-knights-bridge.jpg
28,sonoma-cutrer les pierres vineyard chardonnay 2018,https://vinepair.com/wp-content/uploads/2022/05/buy-this-booze-chardonnay-card-sonoma-cutrer-1.jpg
29,piper sonoma brut nv,https://vinepair.com/wp-content/uploads/2020/11/keithwinereview_americanfood_card_pipersonomabrut.jpg
30,wölffer estate vineyard summer in a bottle long island rosé 2021,https://vinepair.com/wp-content/uploads/2022/05/buy-this-booze-top-roses-2022-card-summer-in-a-bottle.jpg
31,1882 cabernet sauvignon 2018,https://vinepair.com/wp-content/uploads/2022/06/buy-this-booze-cabernet-sauvignon-card-1882.jpg
32,louis pommery carneros chardonnay 2019,https://vinepair.com/wp-content/uploads/2021/09/btbchardonnay_louispommery_card.jpg
33,san pietro pinot grigio 2021,https://vinepair.com/wp-content/uploads/2022/07/btb-best-pinot-grigio-card-San-Pietro-Pinot-Grigio.jpg
34,dutton estate winery sweet sisters late harvest syrah 2017,https://vinepair.com/wp-content/uploads/2022/02/buy-this-booze-sweet-wine_card_dutton.jpg
35,abacela winery grenache rosé 2021,https://vinepair.com/wp-content/uploads/2022/05/buy-this-booze-top-roses-2022-card-abacela.jpg
36,wachira black label cabernet sauvignon 2017,https://vinepair.com/wp-content/uploads/2021/10/btbcab_card_wachira.jpg
37,sonoma-cutrer 40th anniversary winemaker’s release chardonnay 2019,https://vinepair.com/wp-content/uploads/2021/07/sc40_reviewcard.jpg
38,imagery estate winery chardonnay 2020,https://vinepair.com/wp-content/uploads/2022/05/buy-this-booze-chardonnay-card-imagery.jpg
39,imagery estate winery aleatico rosé 2021,https://vinepair.com/wp-content/uploads/2022/05/buy-this-booze-top-roses-2022-card-imagery.jpg
40,kb by knights bridge cabernet sauvignon 2018,https://vinepair.com/wp-content/uploads/2022/06/buy-this-booze-cabernet-sauvignon-card-knights-bridge.jpg
41,josh cellars prosecco rosé 2020,https://vinepair.com/wp-content/uploads/2022/06/buy-this-booze-sparkling-rose-2022-card-josh-2.jpg
42,vietti tre vigne barbera d'asti docg 2018,https://vinepair.com/wp-content/uploads/2021/01/winereview_card_vietti_barberadasti.jpg
43,balletto sauvignon blanc 2021,https://vinepair.com/wp-content/uploads/2022/07/sauvignon-blanc-card-Balletto.jpg
44,long meadow ranch chardonnay 2017,https://vinepair.com/wp-content/uploads/2021/09/btbchardonnay_longmeadow_card.jpg
45,weingut schlossmuhlenhof 'das ist keine orange' 2019,https://vinepair.com/wp-content/uploads/2022/07/buy-this-booze-orange-wines-card-das-ist-keine.jpg
46,chakana estate selection red blend 2017,https://vinepair.com/wp-content/uploads/2021/03/review_chakana_card.jpg
47,intrinsic red blend 2018,https://vinepair.com/wp-content/uploads/2021/03/review_intrinsic_card.jpg
48,mary taylor 'pascal biotteau' anjou blanc 2020,https://vinepair.com/wp-content/uploads/2021/11/50-best-wines-2021_card_wine-16.jpg
49,chimney rock 'elevage' red 2019,https://vinepair.com/wp-content/uploads/2022/04/btb-red-blends-card-chimney-rock.jpg
50,weingut hirsch lamm gruner veltliner 2019,https://vinepair.com/wp-content/uploads/2021/02/winereview_card_weinguthirsch_lamm_grunerveltliner.jpg
51,fort ross vineyard sea slopes chardonnay 2019,https://vinepair.com/wp-content/uploads/2021/09/btbchardonnay_seaslopes_card.jpg
52,the black chook shiraz — viognier nv,https://vinepair.com/wp-content/uploads/2021/02/chook_review_card.jpg
53,riboli napa valley cabernet sauvignon 2017,https://vinepair.com/wp-content/uploads/2022/06/buy-this-booze-cabernet-sauvignon-card-riboli.jpg
54,hirsch vineyards san andreas fault pinot noir 2018,https://vinepair.com/wp-content/uploads/2021/01/winereview_card_hirsch_sandandreas_faultpinotnoir.jpg
55,domaine carneros estate pinot noir 2019,https://vinepair.com/wp-content/uploads/2022/03/buy-this-booze-pinot-noir_card_domainecarneros.jpg
56,breaking bread orange wine 2020,https://vinepair.com/wp-content/uploads/2022/07/buy-this-booze-orange-wines-card-breaking-bread.jpg
57,benovia winery cabernet sauvignon - oakville 2018,https://vinepair.com/wp-content/uploads/2022/06/buy-this-booze-cabernet-sauvignon-card-benovia.jpg
58,bollinger la grande annee brut 2012,https://vinepair.com/wp-content/uploads/2021/12/btbchampagne_card_bollinger2012.jpg
59,jeio (by bisol) prosecco rosé doc 2020,https://vinepair.com/wp-content/uploads/2022/06/buy-this-booze-sparkling-rose-2022-card-jeio.jpg
60,chalone vineyard estate grown pinot noir 2019,https://vinepair.com/wp-content/uploads/2021/11/50-best-wines-2021_card_wine-5.jpg
61,jamieson ranch vineyards 'silver spur' sauvignon blanc 2019,https://vinepair.com/wp-content/uploads/2021/08/btbsauvignonblanc_jamiesonranchvineyardssilverspursauvignonblanc2019_card.jpg
62,il colle prosecco di conegliano valdobbiadene superiore brut 2020,https://vinepair.com/wp-content/uploads/2022/02/btb-prosecco_card_ilcolle.jpg
63,bread & butter california sauvignon blanc 2020,https://vinepair.com/wp-content/uploads/2022/07/sauvignon-blanc-card-2020-Bread-Butter-California-Sauvignon-Blanc.jpg
64,otto's constant dream sauvignon blanc 2021,https://vinepair.com/wp-content/uploads/2022/07/sauvignon-blanc-card-Ottos-Constant-Dream-Sauvignon-Blanc.jpg
65,crossbarn sonoma county cabernet sauvignon 2018,https://vinepair.com/wp-content/uploads/2022/06/buy-this-booze-cabernet-sauvignon-card-crossbarn-1.jpg
66,weingut familie bauer barig alte reben 2019,https://vinepair.com/wp-content/uploads/2022/07/buy-this-booze-orange-wines-card-barig.jpg
67,crossbarn by paul hobbs sonoma coast pinot noir 2019,https://vinepair.com/wp-content/uploads/2022/03/buy-this-booze-pinot-noir_card_crossbarn.jpg
68,dutton-goldfield rued vineyard chardonnay 2018,https://vinepair.com/wp-content/uploads/2021/02/winereview_card_duttongoldfieldruedvineyardchardonnay.jpg
69,herdade do esporão monte velho rosé 2021,https://vinepair.com/wp-content/uploads/2022/05/buy-this-booze-top-roses-2022-card-monte-velho.jpg
70,balletto sexton hill vineyard pinot noir 2019,https://vinepair.com/wp-content/uploads/2022/02/btbpinotnoir_card_balletto.jpg
71,chateau la tour figeac grand cru classe 2015,https://vinepair.com/wp-content/uploads/2021/11/btbbordeaux_card_chateaulatourfigeac.jpg
72,piper-heidsieck cuvee brut nv,https://vinepair.com/wp-content/uploads/2021/12/btbchampagne_card_piper.jpg
73,delille cellars d2 2019,https://vinepair.com/wp-content/uploads/2022/04/btb-red-blends-card-d2.jpg
74,c.l. butaud desert willow vineyard mourvedre 2019,https://vinepair.com/wp-content/uploads/2021/11/50-best-wines-2021_card_wine-32.jpg
75,soléna willamette valley pinot gris 2021,https://vinepair.com/wp-content/uploads/2022/07/btb-best-pinot-grigio-card-Solena-Pinot-Gris-Willamette-Valley.jpg
76,tablelands sauvignon blanc 2020,https://vinepair.com/wp-content/uploads/2021/02/tablelands_review_card.jpg
77,telmont reserve brut nv,https://vinepair.com/wp-content/uploads/2021/12/btbchampagne_card_telmont.jpg
78,lioco 'indica' red table wine 2019,https://vinepair.com/wp-content/uploads/2021/03/review_lioco_card.jpg
79,col vetoraz valdobbiadene prosecco superiore di cartizze 2020,https://vinepair.com/wp-content/uploads/2022/02/btb-prosecco_card_cartizze.jpg
80,gaston chiquet premier cru 2009,https://vinepair.com/wp-content/uploads/2020/12/btb_champagne_card_gastonchiquet.jpg
81,roederer estate l'ermitage brut rosé 2013,https://vinepair.com/wp-content/uploads/2022/06/buy-this-booze-sparkling-rose-2022-card-lermitage.jpg
82,seven deadly wines cabernet sauvignon 2018,https://vinepair.com/wp-content/uploads/2020/12/7deadlycab_2018_card.jpg
83,see saw ‘samm’ orange wine 2021,https://vinepair.com/wp-content/uploads/2022/07/buy-this-booze-orange-wines-card-samm.jpg
84,piper-heidsieck cuvee brut nv,https://vinepair.com/wp-content/uploads/2020/12/btb_champagne_card_piperheidsieck.jpg
85,argiano solengo toscana igt 2018,https://vinepair.com/wp-content/uploads/2021/11/50-best-wines-2021_card_wine-28.jpg
86,jefferson vineyards cabernet franc 2017,https://vinepair.com/wp-content/uploads/2020/11/top50wine_card_jeffersonvineyardcabernetfrant.jpg
87,cuvaison estate pinot noir 2019,https://vinepair.com/wp-content/uploads/2022/02/btbpinotnoir_card_cuvaison.jpg
88,bruno paillard première cuvée nv,https://vinepair.com/wp-content/uploads/2020/12/btb_champagne_card_brunopaillard.jpg
89,saget la petite perriere sauvignon blanc 2019,https://vinepair.com/wp-content/uploads/2021/02/winereview_card_sagetlapetiteperriere_sauvignonblanc.jpg
90,tangent paragon vineyard sauvignon blanc 2019,https://vinepair.com/wp-content/uploads/2021/08/btbsauvignonblanc_tangentparagonvineyardsauvignonblanc2019_card.jpg
91,balletto pinot noir 2018,https://vinepair.com/wp-content/uploads/2020/11/balletopinotnoir_card.jpg
92,bouchaine estate pinot gris 2019,https://vinepair.com/wp-content/uploads/2022/07/btb-best-pinot-grigio-card-Bouchaine-Estate-Pinot-Gris.jpg
93,gary farrell russian river selection pinot noir 2018,https://vinepair.com/wp-content/uploads/2021/01/winereview_card_garyfarrell_russianriver_selectionpinotnoir.jpg
94,charles krug winery carneros chardonnay 2019,https://vinepair.com/wp-content/uploads/2022/05/buy-this-booze-chardonnay-card-charles-krug.jpg
95,perrier-jouet belle epoque - fleur de champagne millesime brut 2012,https://vinepair.com/wp-content/uploads/2020/11/top50wine_card_perrierjouetbrut.jpg
96,standing stone vineyards timeline dry riesling 2019,https://vinepair.com/wp-content/uploads/2021/11/btbthanksgivingwine_card_standingstone.jpg
97,zuccardi valle de uco fosil chardonnay 2020,https://vinepair.com/wp-content/uploads/2022/05/buy-this-booze-chardonnay-card-fosil.jpg
98,teutonic wine company pinot gris 2018,https://vinepair.com/wp-content/uploads/2021/11/50-best-wines-2021_card_wine-6.jpg
99,aniello 006 riverside estate pinot noir 2019,https://vinepair.com/wp-content/uploads/2022/02/btbpinotnoir_card_aniello.jpg
100,chateau meyney 2014,https://vinepair.com/wp-content/uploads/2021/11/btbbordeaux_card_chateaumeyney.jpg
101,seghesio family vineyards chardonnay 2020,https://vinepair.com/wp-content/uploads/2022/05/buy-this-booze-chardonnay-card-seghesio.jpg
102,evening land vineyards seven springs vineyard chardonnay 2019,https://vinepair.com/wp-content/uploads/2022/05/buy-this-booze-chardonnay-card-seven-springs.jpg
103,masseria li veli torrerose negroamaro rosato salento igt 2021,https://vinepair.com/wp-content/uploads/2022/05/buy-this-booze-top-roses-2022-card-masseria-liveli.jpg
104,gramercy cellars olsen vineyard rosé 2021,https://vinepair.com/wp-content/uploads/2022/05/buy-this-booze-top-roses-2022-card-gramercy-cellars.jpg
105,moet & chandon brut rose grand vintage 2013,https://vinepair.com/wp-content/uploads/2021/12/btbchampagne_card_moet.jpg
106,maison l'envoye 'straight shooter' pinot noir 2019,https://vinepair.com/wp-content/uploads/2021/01/winereview_card_straightshooter_pinotnoir.jpg
107,seaglass chardonnay 2020,https://vinepair.com/wp-content/uploads/2022/05/buy-this-booze-chardonnay-card-seaglass.jpg
108,bottega liquid metals venetian gold prosecco doc nv,https://vinepair.com/wp-content/uploads/2022/02/btb-prosecco_card_bottega.jpg
109,gosset 'grand rose' brut nv,https://vinepair.com/wp-content/uploads/2021/12/btbchampagne_card_gosset.jpg
110,macari katherine's field sauvignon blanc 2020,https://vinepair.com/wp-content/uploads/2022/07/sauvignon-blanc-card-Macari-Katherines-Field.jpg
111,massolino dolcetto d'alba 2019,https://vinepair.com/wp-content/uploads/2021/01/winereview_card_massolinodolcettodalba.jpg
112,ca' furlan prosecco doc rosé brut cuvée mariana 2020,https://vinepair.com/wp-content/uploads/2022/02/btb-prosecco_card_cafurlan.jpg
113,willm kirchberg de barr riesling 2016,https://vinepair.com/wp-content/uploads/2020/12/willmriesling2016_card.jpg
114,ferrari rosé nv,https://vinepair.com/wp-content/uploads/2018/02/Ferrari-Rose_card.jpg
115,hyde de villaine hyde vineyard chardonnay 2017,https://vinepair.com/wp-content/uploads/2021/02/winereview_card_HDV_chardonnay.jpg
116,penley estate 'phoenix' cabernet sauvignon 2019,https://vinepair.com/wp-content/uploads/2021/10/btbcab_card_penley.jpg
117,douloufakis 'dafnios' vidiano 2019,https://vinepair.com/wp-content/uploads/2020/12/dafnios_2019_card.jpg
118,louis jadot macon-villages 2019,https://vinepair.com/wp-content/uploads/2021/02/louis_review_card.jpg
119,laurent-perrier harmony demi-sec nv,https://vinepair.com/wp-content/uploads/2020/12/laurentperrierdemisec_card.jpg
120,etude grace benoist ranch carneros estate grown chardonnay 2019,https://vinepair.com/wp-content/uploads/2022/05/buy-this-booze-chardonnay-card-etude.jpg
121,joseph phelps vineyards freestone pinot noir 2019,https://vinepair.com/wp-content/uploads/2022/02/btbpinotnoir_card_joseph-phelps.jpg
122,ramey chardonnay 2017,https://vinepair.com/wp-content/uploads/2020/11/rameychardonnay_card.jpg
123,la crema chardonnay 2020,https://vinepair.com/wp-content/uploads/2022/05/buy-this-booze-chardonnay-card-la-crema.jpg
124,"famille dubard sauvignon blanc ""coeur du mont"" 2021",https://vinepair.com/wp-content/uploads/2022/07/sauvignon-blanc-card-Famille-Dubard-Sauvignon-Blanc-Coeur-du-Mont.jpg
125,nobilo sauvignon blanc 2021 2021,https://vinepair.com/wp-content/uploads/2022/07/sauvignon-blanc-card-Nobilo-Sauvignon-Blanc-2021.jpg
126,gruet blanc de noirs nv,https://vinepair.com/wp-content/uploads/2021/02/gruet_review_card.jpg
127,emeritus vineyards hallberg ranch pinot noir 2018,https://vinepair.com/wp-content/uploads/2022/02/btbpinotnoir_card_emeritus.jpg
128,armida sauvignon blanc redwood road estate 2021,https://vinepair.com/wp-content/uploads/2022/07/sauvignon-blanc-card-armida-sauvignon-blanc-redwood-road-estate.jpg
129,early mountain vineyards five forks white 2019,https://vinepair.com/wp-content/uploads/2020/10/wineroundup_virgnia_internal_earlymountainfiveforkswhite.jpg
130,bonterra chardonnay 2020,https://vinepair.com/wp-content/uploads/2022/05/buy-this-booze-chardonnay-card-bonterra.jpg
131,covenant wines blue c adom red wine 2019,https://vinepair.com/wp-content/uploads/2022/04/btb-red-blends-card-covenant-israel.jpg
132,airlie dry müller-thurgau 2019,https://vinepair.com/wp-content/uploads/2020/12/winereview_card_airlie.jpg
133,sean minor 4 bears 4b sauvignon blanc 2019,https://vinepair.com/wp-content/uploads/2021/08/btbsauvignonblanc_seanminor4bears4Bsauvignonblanc2019_card.jpg
134,robert hall winery paso red 2019,https://vinepair.com/wp-content/uploads/2022/04/btb-red-blends-card-robert-hall.jpg
135,l'ecole no. 41 merlot 2017,https://vinepair.com/wp-content/uploads/2020/11/lecoleno41_card.jpg
136,ehlers estate sauvignon blanc 2021,https://vinepair.com/wp-content/uploads/2022/07/sauvignon-blanc-card-ehlers.jpg
137,cantine argiolas costera cannonau di sardegna 2019,https://vinepair.com/wp-content/uploads/2021/02/costera_review_card.jpg
138,caraccioli cellars brut cuvee nv,https://vinepair.com/wp-content/uploads/2020/11/winereview_internal_caraccioli.jpg
139,king estate brut cuvée 2016,https://vinepair.com/wp-content/uploads/2020/12/winereview_card_kingestate.jpg
140,barnard griffin rosé of sangiovese 2021,https://vinepair.com/wp-content/uploads/2022/05/buy-this-booze-top-roses-2022-card-barnard-griffin.jpg
141,macari vineyards dos aguas red 2019,https://vinepair.com/wp-content/uploads/2022/04/btb-red-blends-card-dos-aquas.jpg
142,weingut r & a pfaffl zeisen grüner veltliner 2018,https://vinepair.com/wp-content/uploads/2020/12/weingut_velitliner_2018_card.jpg
143,chamisal vineyards sta. rita hills chardonnay 2018,https://vinepair.com/wp-content/uploads/2022/05/buy-this-booze-chardonnay-card-chamisal.jpg
144,d'arenberg the hermit crab marsanne - viognier 2018,https://vinepair.com/wp-content/uploads/2021/11/50-best-wines-2021_card_wine-22.jpg
145,adriano adami dry vigneto giardino rive di colbertaldo nv,https://vinepair.com/wp-content/uploads/2020/12/adami_vignetogiardionrivedicobertadldo_card.jpg
146,piper sonoma blanc de blancs nv,https://vinepair.com/wp-content/uploads/2020/12/pipersonomablancdeblanc_card.jpg
147,raul perez ultreia 'la claudina' godello 2018,https://vinepair.com/wp-content/uploads/2021/02/winereview_card_RaulPerez_Ultreia_La-Claudina_Godello.jpg
148,alfred gratien brut nv,https://vinepair.com/wp-content/uploads/2021/12/btbchampagne_card_alfredgratien.jpg
149,dueling pistols cellars red wine 2017,https://vinepair.com/wp-content/uploads/2021/03/review_duelingpistols_card.jpg
150,chateau chatelier bordeaux blanc 2019,https://vinepair.com/wp-content/uploads/2021/02/winereview_card_chateauchatelierbordeauxblanc.jpg
151,beaulieu vineyard bv reserve tapestry 2018,https://vinepair.com/wp-content/uploads/2022/04/btb-red-blends-card-bv.jpg
152,routestock cellars 'route 29' sauvignon blanc 2020,https://vinepair.com/wp-content/uploads/2021/08/btbsauvignonblanc_routestockellarsroute29sauvignonblanc2020_card.jpg
153,charles krug napa valley cabernet sauvignon 2018,https://vinepair.com/wp-content/uploads/2022/06/buy-this-booze-cabernet-sauvignon-card-charles-krug.jpg
154,bruno paillard première cuvée brut rosé nv,https://vinepair.com/wp-content/uploads/2020/12/brunopaillardrosecuvee_card.jpg
155,mumm napa brut rosé nv,https://vinepair.com/wp-content/uploads/2021/05/btbsparklingrose_mumm_reviewcard.jpg
156,planeta chardonnay menfi doc 2018,https://vinepair.com/wp-content/uploads/2021/09/btbchardonnay_planeta_card.jpg
157,thacher glenrose vineyard cinsaut 2018,https://vinepair.com/wp-content/uploads/2020/11/keithwinereview_americanfood_card_thacher.jpg
158,broadbent vinho verde 2019,https://vinepair.com/wp-content/uploads/2021/02/broadbent_review_card.jpg
159,drappier brut nature zero dosage nv,https://vinepair.com/wp-content/uploads/2021/12/btbchampagne_card_drappier.jpg
160,vox vineti nebbiolo 2018,https://vinepair.com/wp-content/uploads/2021/11/50-best-wines-2021_card_wine-37.jpg
161,tribute wines cabernet sauvignon 2018,https://vinepair.com/wp-content/uploads/2022/06/buy-this-booze-cabernet-sauvignon-card-tribute.jpg
162,hound's tree estate chardonnay 2017,https://vinepair.com/wp-content/uploads/2021/09/btbchardonnay_houndstree_card.jpg
163,macari vineyards chardonnay estate 2019,https://vinepair.com/wp-content/uploads/2022/05/buy-this-booze-chardonnay-card-early-macari.jpg
164,my favorite neighbor cabernet sauvignon 2019,https://vinepair.com/wp-content/uploads/2021/11/50-best-wines-2021_card_wine-41.jpg
165,hickinbotham clarendon vineyard 'trueman' cabernet sauvignon 2017,https://vinepair.com/wp-content/uploads/2021/10/btbcab_card_hickinbotham.jpg
166,le contesse pinot noir brut rosé nv,https://vinepair.com/wp-content/uploads/2022/06/buy-this-booze-sparkling-rose-2022-card-le-contesse.jpg
167,tenuta tascante 'ghiaia nera' etna rosso 2017,https://vinepair.com/wp-content/uploads/2021/01/winereview_card_tenutatascante_ghiaianera_etnarosso.jpg
168,riff pinot grigio collio doc 2021,https://vinepair.com/wp-content/uploads/2022/07/btb-best-pinot-grigio-card-RIFF-Pinot-Grigio-Collio-DOC.jpg
169,southold farm + cellar 'all things go' 2018,https://vinepair.com/wp-content/uploads/2020/11/top50wine_card_southoldfarmallthingsgo.jpg
170,cantina terlano pinot grigio 2021,https://vinepair.com/wp-content/uploads/2022/07/btb-best-pinot-grigio-card-Cantina-Terlano-Pinot-Grigio.jpg
171,willm pinot blanc réserve 2018,https://vinepair.com/wp-content/uploads/2020/12/willm_pinotblanc_2018_card.jpg
172,clif family winery sauvignon blanc 2019,https://vinepair.com/wp-content/uploads/2021/08/btbsauvignonblanc_cliffamilywinerysauvignonblanc2019_card.jpg
173,epiphany cellars 'inspiration' red,https://vinepair.com/wp-content/uploads/2022/04/btb-red-blends-card-epiphany.jpg
174,josh cellars prosecco nv,https://vinepair.com/wp-content/uploads/2022/02/btb-prosecco_card_josh.jpg
175,kokomo winery gopher hill peters vineyard pinot noir 2019,https://vinepair.com/wp-content/uploads/2022/02/btbpinotnoir_card_kokomo.jpg
176,acquesi brachetto nv,https://vinepair.com/wp-content/uploads/2022/06/buy-this-booze-sparkling-rose-2022-card-acquesi.jpg
177,ace kicker 'big bet' blend 2017,https://vinepair.com/wp-content/uploads/2022/04/btb-red-blends-card-ace.jpg
178,shannon ridge high elevation chardonnay 2020,https://vinepair.com/wp-content/uploads/2022/05/buy-this-booze-chardonnay-card-shannon-ridge.jpg
179,hamacher pinot noir 2017,https://vinepair.com/wp-content/uploads/2022/02/btbpinotnoir_card_hamacher.jpg
180,cakebread cellars chardonnay 2019,https://vinepair.com/wp-content/uploads/2021/09/btbchardonnay_cakebread_card.jpg
181,chateau marojallia 2018,https://vinepair.com/wp-content/uploads/2021/11/btbbordeaux_card_chateaumarojallia.jpg
182,fort ross vineyard pinot noir 2018,https://vinepair.com/wp-content/uploads/2022/03/buy-this-booze-pinot-noir_card_fortross.jpg
183,david hill estate 'first pick' riesling 2019,https://vinepair.com/wp-content/uploads/2021/11/50-best-wines-2021_card_wine-42.jpg
184,sunday funday sauvignon blanc 2020,https://vinepair.com/wp-content/uploads/2022/07/sauvignon-blanc-card-Sunday-Funday-Sauvignon-Blanc.jpg
185,château d’esclans rock angel 2020,https://vinepair.com/wp-content/uploads/2022/05/buy-this-booze-top-roses-2022-card-rock-angel.jpg
186,schug pinot noir 2019,https://vinepair.com/wp-content/uploads/2022/02/btbpinotnoir_card_schug.jpg
187,louis jadot beaujolais 2019,https://vinepair.com/wp-content/uploads/2021/01/winereview_card_louisjadot_beaujolais.jpg
188,stonestreet estate vineyards cabernet sauvignon 2017,https://vinepair.com/wp-content/uploads/2021/10/btbcab_card_stonestreet.jpg
189,talley vineyards estate chardonnay 2017,https://vinepair.com/wp-content/uploads/2021/09/btbchardonnay_talley_card.jpg
190,cataclysm cabernet sauvignon 2019,https://vinepair.com/wp-content/uploads/2022/06/buy-this-booze-cabernet-sauvignon-card-cataclysm.jpg
191,orfila red blend reserva 2018,https://vinepair.com/wp-content/uploads/2022/04/btb-red-blends-card-orfila.jpg
192,charles heidsieck blanc de blancs nv,https://vinepair.com/wp-content/uploads/2020/12/btb_champagne_charleshiedsieck_blancdeblanc_card.jpg
193,tenuta tascante tefra rosato etna doc 2021,https://vinepair.com/wp-content/uploads/2022/05/buy-this-booze-top-roses-2022-card-tefra.jpg
194,treleaven blanc ebullient 2019,https://vinepair.com/wp-content/uploads/2020/12/winereview_card_treleavenblancebullient.jpg
195,ernest vineyards cleary freestone ranch vineyard pinot noir 2019,https://vinepair.com/wp-content/uploads/2022/02/btbpinotnoir_card_ernest.jpg
196,chalone vineyard chenin blanc 2018,https://vinepair.com/wp-content/uploads/2020/11/keithwine_chalone_card.jpg
197,billecart salmon brut sous bois nv,https://vinepair.com/wp-content/uploads/2020/12/billechartsalmonbrut_card.jpg
198,herdade do esporao reserva branco 2018,https://vinepair.com/wp-content/uploads/2021/02/winereview_card_herdadedoesporaoreservablanco.jpg
199,domaine monier perreol saint-joseph blanc 2018,https://vinepair.com/wp-content/uploads/2021/02/winereview_card_domainemonierperreol_sainjosephblanc.jpg
200,skouras almyra chardonnay 2020,https://vinepair.com/wp-content/uploads/2022/05/buy-this-booze-chardonnay-card-almyra.jpg
201,mail road mt. carmel vineyard chardonnay 2015,https://vinepair.com/wp-content/uploads/2021/02/winereview_card_mailroad_mtcarmel_chardonnay.jpg
202,louis m. martini howell mountain cabernet sauvignon 2017,https://vinepair.com/wp-content/uploads/2021/11/50-best-wines-2021_card_wine-9.jpg
203,force of nature rabble red wine 2019,https://vinepair.com/wp-content/uploads/2022/04/btb-red-blends-card-rabble.jpg
204,buena vista winery vinicultural society sonoma pinot noir 2018,https://vinepair.com/wp-content/uploads/2022/02/btbpinotnoir_card_buenavista.jpg
205,ace kicker 'big bet' blend 2016,https://vinepair.com/wp-content/uploads/2021/03/review_ace_card.jpg
206,decoy chardonnay 2019,https://vinepair.com/wp-content/uploads/2021/02/winereview_card_decoychardonnay.jpg
207,bodega monteviejo festivo malbecbodega monteviejo festivo malbec 2019,https://vinepair.com/wp-content/uploads/2020/12/festivo_malbec_2019_card.jpg
208,stoller family estate willamette valley pinot noir rosé 2021,https://vinepair.com/wp-content/uploads/2022/05/buy-this-booze-top-roses-2022-card-stoller.jpg
209,pol roger réserve brut nv,https://vinepair.com/wp-content/uploads/2020/12/btb_champagne_card_polroger.jpg
210,roy estate cabernet sauvignon 2018,https://vinepair.com/wp-content/uploads/2022/06/buy-this-booze-cabernet-sauvignon-card-roy.jpg
211,mezzacorona 'dinotte' red blend vigneti delle dolomiti igt 2013,https://vinepair.com/wp-content/uploads/2022/04/btb-red-blends-card-mezzacorona.jpg
212,alpha estate sauvignon blanc fumé 2021,https://vinepair.com/wp-content/uploads/2022/07/sauvignon-blanc-card-Alpha-Estate-Sauvignon-Blanc-Fume.jpg
213,roederer estate brut rosé nv,https://vinepair.com/wp-content/uploads/2022/06/buy-this-booze-sparkling-rose-2022-card-roederer.jpg
214,maggy hawk skycrest vineyard chardonnay 2019,https://vinepair.com/wp-content/uploads/2022/05/buy-this-booze-chardonnay-card-maggie-hawk.jpg
215,sean minor 'nicole marie' 2018,https://vinepair.com/wp-content/uploads/2021/03/review_seanminor_card.jpg
216,domaine carneros brut rose cuvee de la pompadour nv,https://vinepair.com/wp-content/uploads/2022/06/buy-this-booze-sparkling-rose-2022-card-domaine-carneros.jpg
217,seven hills winery walla walla valley cabernet sauvignon 2018,https://vinepair.com/wp-content/uploads/2022/06/buy-this-booze-cabernet-sauvignon-card-seven-hills.jpg
218,doyard cuvee vendemiaire blanc de blancs premier cru brut nv,https://vinepair.com/wp-content/uploads/2020/12/doyardcuvee_vendermiaire_card.jpg
219,chateau de valois pomerol 2016,https://vinepair.com/wp-content/uploads/2021/11/btbbordeaux_card_chateaudevalois.jpg
220,"the pinot project, pinot grigio 'delle venezie doc' 2021",https://vinepair.com/wp-content/uploads/2022/07/btb-best-pinot-grigio-card-The-Pinot-Project-Pinot-Grigio-Delle-Venezie-DOC.jpg
221,chateau ste. michelle indian wells red blend 2017,https://vinepair.com/wp-content/uploads/2021/03/review_chstmichelle_card.jpg
222,chalk hill estate sauvignon blanc 2019,https://vinepair.com/wp-content/uploads/2021/08/btbsauvignonblanc_chalkhillestatesauvignonblanc2019_card.jpg
223,sojourn cellars oakville cabernet sauvignon 2019,https://vinepair.com/wp-content/uploads/2022/06/buy-this-booze-cabernet-sauvignon-card-sojourn.jpg
224,sosie wines rosé of syrah 2021,https://vinepair.com/wp-content/uploads/2022/05/buy-this-booze-top-roses-2022-card-sosie.jpg
225,chateau st jean 'cinq cepages' 2018,https://vinepair.com/wp-content/uploads/2022/04/btb-red-blends-card-cinq.jpg
226,alexander valley vineyards wetzel family homestead red 2019,https://vinepair.com/wp-content/uploads/2022/04/btb-red-blends-card-alexander-valley-vineyards.jpg
227,massaya classic blanc 2018,https://vinepair.com/wp-content/uploads/2020/11/top50wine_card_massayablanc.jpg
228,luis seabra 'xisto ilimitado' branco 2018,https://vinepair.com/wp-content/uploads/2020/11/top50wine_card_luisseabrabranco.jpg
229,ferraton pere & fils cotes du rhone samorens rosé 2021,https://vinepair.com/wp-content/uploads/2022/05/buy-this-booze-top-roses-2022-card-cotes-du-rhone.jpg
230,ram's gate sauvignon blanc 2021,https://vinepair.com/wp-content/uploads/2022/07/sauvignon-blanc-card-Rams-Gate-Sauvignon-Blanc.jpg
231,valentin leflaive cv 17 50 nv,https://vinepair.com/wp-content/uploads/2021/12/btbchampagne_card_valentin.jpg
232,clif family winery gewürtztraminer 2018,https://vinepair.com/wp-content/uploads/2020/12/cliffamily_Gewurtztraminer_2018_card.jpg
233,ancient peaks winery cabernet sauvignon 2018,https://vinepair.com/wp-content/uploads/2022/06/buy-this-booze-cabernet-sauvignon-card-ancient-peaks.jpg
234,line 39 chardonnay 2019,https://vinepair.com/wp-content/uploads/2021/02/winereview_card_line39chardonay.jpg
235,louis roederer et philippe starck brut nature millesime 2012,https://vinepair.com/wp-content/uploads/2020/11/top50wine_card_louisroedererbrutnature.jpg
236,cono sur bicicleta reserva sauvignon blanc 2020,https://vinepair.com/wp-content/uploads/2021/08/btbsauvignonblanc_conosurbicicletareservasauvignonblanc2020_card.jpg
237,champagne lallier grand rosé nv,https://vinepair.com/wp-content/uploads/2022/06/buy-this-booze-sparkling-rose-2022-card-lallier.jpg
238,"paraschos ""one"" orange wine 2018",https://vinepair.com/wp-content/uploads/2022/07/buy-this-booze-orange-wines-card-paraschos.jpg
239,champagne henriot millésimé 2008,https://vinepair.com/wp-content/uploads/2020/12/btb_champagne_card_henriot.jpg
240,ferraton père & fils crozes-hermitage calendes 2016,https://vinepair.com/wp-content/uploads/2020/11/top50wine_card_ferrartonpere.jpg
241,pol roger brut reserve 'white foil' nv,https://vinepair.com/wp-content/uploads/2021/12/btbchampagne_card_polroger.jpg
242,dogwood & thistle oppenlander vineyard pinot noir 2018,https://vinepair.com/wp-content/uploads/2021/01/winereview_card_dogwoodthistle_pinotnoir.jpg
243,smoky rose cellars stainless steel chardonnay 2020,https://vinepair.com/wp-content/uploads/2022/05/buy-this-booze-chardonnay-card-smokey-rose-1.jpg
244,albert bichot 'secret de famille' bourgogne cote d'or chardonnay 2017,https://vinepair.com/wp-content/uploads/2021/09/btbchardonnay_albertbichotsecret_card.jpg
245,robert hall winery cabernet sauvignon 2019,https://vinepair.com/wp-content/uploads/2022/06/buy-this-booze-cabernet-sauvignon-card-robert-hall.jpg
246,bodegas borsao tres picos garnacha 2019,https://vinepair.com/wp-content/uploads/2021/02/trespicos_review_card.jpg
247,vik 'milla cala' 2019,https://vinepair.com/wp-content/uploads/2022/04/btb-red-blends-card-milla-cala.jpg
248,neyers vineyards chardonnay 2018,https://vinepair.com/wp-content/uploads/2021/09/btbchardonnay_neyers_card.jpg
249,kir-yanni akakies sparkling rosé 2021,https://vinepair.com/wp-content/uploads/2022/06/buy-this-booze-sparkling-rose-2022-card-akakies.jpg
250,kokomo winery peters vineyard chardonnay 2019,https://vinepair.com/wp-content/uploads/2022/05/buy-this-booze-chardonnay-card-kokomo.jpg
251,pollak vineyards pinot grigio 2021,https://vinepair.com/wp-content/uploads/2022/07/btb-best-pinot-grigio-card-Pollak-Vineyards-Pinot-Gris.jpg
252,barnard griffin rob's red blend 2018,https://vinepair.com/wp-content/uploads/2021/03/review_barnardgriffin_card.jpg
253,charles heidsieck brut réserve nv,https://vinepair.com/wp-content/uploads/2020/11/winereview_internal_charlesheidsieck.jpg
254,koncho & co kisi qvevri 2019,https://vinepair.com/wp-content/uploads/2022/07/buy-this-booze-orange-wines-card-kisi.jpg
255,ca' di prata valdobbiadene prosecco superiore docg extra dry nv,https://vinepair.com/wp-content/uploads/2022/02/btb-prosecco_card_cadiprata.jpg
256,pere ventura vintage brut gran reserva rosé cava 2014,https://vinepair.com/wp-content/uploads/2020/12/pereventurabrutrosecava_2014_card.jpg
257,pierre peters blanc de blancs cuvée reserve nv,https://vinepair.com/wp-content/uploads/2020/12/btb_champagne_card_pierrepeters.jpg
258,chateau cantemerle haut-medoc 2016,https://vinepair.com/wp-content/uploads/2021/11/btbbordeaux_card_cantmerle.jpg
259,ruinart brut rosé nv,https://vinepair.com/wp-content/uploads/2020/12/btb_champagne_card_ruinartchampagne.jpg
260,merry edwards russian river valley sauvignon blanc 2020,https://vinepair.com/wp-content/uploads/2022/07/sauvignon-blanc-card-Merry-Edwards-Russian-River-Valley-Sauvignon-Blanc.jpg
261,long meadow ranch pinot gris 2018,https://vinepair.com/wp-content/uploads/2021/11/50-best-wines-2021_card_wine-33.jpg
262,justin vineyards & winery sauvignon blanc 2020,https://vinepair.com/wp-content/uploads/2021/08/btbsauvignonblanc_justinvineyardswinerysauvignonblanc2020_card.jpg
263,nomen malbec 2018,https://vinepair.com/wp-content/uploads/2021/01/winereview_card_nomen_malbec.jpg
264,early mountain quaker run vineyard chardonnay 2019,https://vinepair.com/wp-content/uploads/2022/05/buy-this-booze-chardonnay-card-early-mountain.jpg
265,mt. brave cabernet sauvignon 2018,https://vinepair.com/wp-content/uploads/2022/06/buy-this-booze-cabernet-sauvignon-card-mt-brave.jpg
266,robert hall sauvignon blanc 2021,https://vinepair.com/wp-content/uploads/2022/07/sauvignon-blanc-card-Robert-Hall-Sauvignon-Blanc.jpg
267,intrinsic sauvignon blanc 2020,https://vinepair.com/wp-content/uploads/2021/08/btbsauvignonblanc_intrinsicsauvignonblanc2020_card.jpg
268,garesio barbera d'asti superiore nizza docg 2017,https://vinepair.com/wp-content/uploads/2021/01/ooLGbTb8.jpg
269,alpha estate single vineyard 'turtles' malagouzia 2019,https://vinepair.com/wp-content/uploads/2021/02/winereview_card_alphaestate_malagouzia_turtles.jpg
270,laurent-perrier brut millésimé 2008,https://vinepair.com/wp-content/uploads/2020/12/btb_champagne_card_laurentperrier.jpg
271,lavis classic sauvignon trentino doc 2021,https://vinepair.com/wp-content/uploads/2022/07/sauvignon-blanc-card-Lavis-Classic-Sauvignon-Trentino-DOC.jpg
272,raptor ridge temperance hill vineyard pinot noir 2018,https://vinepair.com/wp-content/uploads/2022/02/btbpinotnoir_card_raptorridge.jpg
273,schlink haus silvaner eiswein 2016,https://vinepair.com/wp-content/uploads/2022/02/buy-this-booze-sweet-wine_card_schlink.jpg
274,mezzacorona 'dinotte' red blend 2019,https://vinepair.com/wp-content/uploads/2021/03/review_mezzacorona_card.jpg
275,santa julia tardío late harvest torrontés 2019,https://vinepair.com/wp-content/uploads/2022/02/buy-this-booze-sweet-wine_card_santajulia.jpg
276,banshee wines banshee sonoma county rosé 2021,https://vinepair.com/wp-content/uploads/2022/05/buy-this-booze-top-roses-2022-card-banshee.jpg
277,domaine skouras megas oenos 2017,https://vinepair.com/wp-content/uploads/2022/04/btb-red-blends-card-skouras.jpg
278,grounded wine co. steady state cabernet sauvignon 2019,https://vinepair.com/wp-content/uploads/2022/06/buy-this-booze-cabernet-sauvignon-card-steady-state.jpg
279,louis roederer collection 242 brut nv,https://vinepair.com/wp-content/uploads/2021/12/btbchampagne_card_louisroederer242.jpg
280,intrinsic red blend 2019,https://vinepair.com/wp-content/uploads/2022/04/btb-red-blends-card-intrinsic.jpg
281,champagne delamotte blanc de blancs nv,https://vinepair.com/wp-content/uploads/2020/12/btb_champagne_card_delamotte.jpg
282,gundlach-bundschu estate vineyard cabernet sauvignon 2016,https://vinepair.com/wp-content/uploads/2020/11/gundlachbundschucab_card.jpg
283,scribe pinot noir 2018,https://vinepair.com/wp-content/uploads/2021/11/50-best-wines-2021_card_wine-39.jpg
284,domaine carneros by taittinger ultra brut 2015,https://vinepair.com/wp-content/uploads/2020/11/top50wine_card_domainecarnerosbrut.jpg
285,hanzell vineyards chardonnay 2016,https://vinepair.com/wp-content/uploads/2021/11/btbthanksgivingwine_card_hanzell.jpg
286,dalla valle vineyards collina 2019,https://vinepair.com/wp-content/uploads/2022/04/btb-red-blends-card-collina-dalla-valle.jpg
287,taittinger comtes de champagne blanc de blancs brut 2011,https://vinepair.com/wp-content/uploads/2021/12/btbchampagne_card_comtes.jpg
288,eberle winery estate reserve cabernet sauvignon 2016,https://vinepair.com/wp-content/uploads/2021/10/btbcab_card_eberle.jpg
289,camins 2 dreams zotovich vineyard syrah 2018,https://vinepair.com/wp-content/uploads/2021/11/50-best-wines-2021_card_wine-10.jpg
290,gundlach-bundschu estate vineyard gewurztraminer 2019,https://vinepair.com/wp-content/uploads/2020/11/keithwinereview_americanfood_card_Gundlach-Bundschu.jpg
291,ravel and stitch cabernet sauvignon 2019,https://vinepair.com/wp-content/uploads/2022/06/buy-this-booze-cabernet-sauvignon-card-ravel-and-stitch.jpg
292,primus the blend 2018,https://vinepair.com/wp-content/uploads/2022/04/btb-red-blends-card-primus.jpg
293,clos mogador 'com tu' 2016,https://vinepair.com/wp-content/uploads/2020/11/top50wine_card_closmogadorcomtu.jpg
294,santo winery vinsanto 2014,https://vinepair.com/wp-content/uploads/2022/02/buy-this-booze-sweet-wine_card_vinsantosantorini.jpg
295,gamble family vineyards rosé 2021,https://vinepair.com/wp-content/uploads/2022/05/buy-this-booze-top-roses-2022-card-gamble.jpg
296,treleaven reserve chardonnay 2019,https://vinepair.com/wp-content/uploads/2021/02/winereview_card_treleaven_chardonnay.jpg
297,trivento reserve malbec 2019,https://vinepair.com/wp-content/uploads/2021/02/trivento_review_card.jpg
298,balletto late harvest pinot gris vin de paille 2017,https://vinepair.com/wp-content/uploads/2022/02/buy-this-booze-sweet-wine_internal_balletto.jpg
299,ladoucette comte lafond sancerre blanc 2020,https://vinepair.com/wp-content/uploads/2022/07/sauvignon-blanc-card-ladoucette-comte-lafond-sancerre-blanc.jpg
300,sonoma-cutrer chardonnay 2018,https://vinepair.com/wp-content/uploads/2020/12/review_sc_card.jpg
301,keller estate winery el coro pinot noir 2018,https://vinepair.com/wp-content/uploads/2022/03/buy-this-booze-pinot-noir_card_kellerestate.jpg
302,l' esprit du lac vieilles vignes dry rosé 2021,https://vinepair.com/wp-content/uploads/2022/05/buy-this-booze-top-roses-2022-card-lespirit-du-lac.jpg
303,chateau montelena napa valley chardonnay 2019,https://vinepair.com/wp-content/uploads/2022/05/buy-this-booze-chardonnay-card-chateau-montelena.jpg
304,cambria estate winery katherine's vineyard chardonnay 2019,https://vinepair.com/wp-content/uploads/2021/11/btbthanksgivingwine_card_cambria-chardonnay.jpg
305,jefferson vineyards viognier 2019,https://vinepair.com/wp-content/uploads/2020/11/jeffersonviognier_card.jpg
306,stinson vineyards 2021 sauvignon blanc 2021,https://vinepair.com/wp-content/uploads/2022/07/sauvignon-blanc-card-Stinson-Vineyards-2021-Sauvignon-Blanc.jpg
307,champagne gosset grand rosé brut nv,https://vinepair.com/wp-content/uploads/2021/12/btbchampagne_card_gosset.jpg
308,field recording skins 2020,https://vinepair.com/wp-content/uploads/2022/07/buy-this-booze-orange-wines-card-skins.jpg
309,von winning 'ii' sauvignon blanc trocken 2019,https://vinepair.com/wp-content/uploads/2021/08/btbsauvignonblanc_vonwinningIIsauvignonblanctrocken2019_card.jpg
310,dr. konstantin frank saperavi 2019,https://vinepair.com/wp-content/uploads/2021/11/50-best-wines-2021_card_wine-23.jpg
311,hanna sauvignon blanc 2019,https://vinepair.com/wp-content/uploads/2021/02/hanna_review_card.jpg
312,alta colina downslope white 2020,https://vinepair.com/wp-content/uploads/2021/11/btbthanksgivingwine_card_altacolina.jpg
313,"enroute pinot noir russian river valley ""les pommiers"" 2019",https://vinepair.com/wp-content/uploads/2022/02/btbpinotnoir_card_enroute.jpg
314,ankida ridge vineyards pinot noir 2017,https://vinepair.com/wp-content/uploads/2020/11/top50wine_card_ankidaridgepinotnoir.jpg
315,ayala le blanc de blancs 2015,https://vinepair.com/wp-content/uploads/2021/12/btbchampagne_card_ayala.jpg
316,chapel down classic brut nv,https://vinepair.com/wp-content/uploads/2021/11/50-best-wines-2021_card_wine-43-2.jpg
317,larkmead vineyards 'lillie' sauvignon blanc 2019,https://vinepair.com/wp-content/uploads/2021/08/btbsauvignonblanc_larkmeadvineyardslilliesauvignonblanc2019_card.jpg
318,champagne geoffroy empreinte brut 2013,https://vinepair.com/wp-content/uploads/2020/12/btb_champagne_card_geoggroy.jpg
319,jermann 'where dreams have no end' venezia giulia igt 2017,https://vinepair.com/wp-content/uploads/2020/12/jermannweredreams_card.jpg
320,louis m. martini napa cabernet sauvignon 2018,https://vinepair.com/wp-content/uploads/2022/06/buy-this-booze-cabernet-sauvignon-card-louis-m-martini.jpg
321,"bieler family, pinot grigio ""daisy"" 2021",https://vinepair.com/wp-content/uploads/2022/07/btb-best-pinot-grigio-card-Daisy-Pinot-Grigio-The-Bieler-Family.jpg
322,kokomo cuvee red 2019,https://vinepair.com/wp-content/uploads/2022/04/btb-red-blends-card-kokomo.jpg
323,somloi vandor harslevelu 2019,https://vinepair.com/wp-content/uploads/2021/11/50-best-wines-2021_card_wine-25.jpg
324,dom maria brazilian sparkling rosé 2019,https://vinepair.com/wp-content/uploads/2021/11/50-best-wines-2021_card_wine-21.jpg
325,tangent pinot gris 2021,https://vinepair.com/wp-content/uploads/2022/07/btb-best-pinot-grigio-card-Tangent-Pinot-Gris.jpg
326,j vineyards brut rosé nv nv,https://vinepair.com/wp-content/uploads/2022/06/buy-this-booze-sparkling-rose-2022-card-j-vineyards.jpg
327,russiz superiore sauvignon collio doc riserva 2016,https://vinepair.com/wp-content/uploads/2022/07/sauvignon-blanc-card-Russiz-Superiore-Sauvignon-Collio-DOC-Riserva.jpg
328,anselmo mendes 'tempo' 2015,https://vinepair.com/wp-content/uploads/2021/02/winereview_card_anselmomendes_tempo.jpg
329,pol roger pure extra brut nv,https://vinepair.com/wp-content/uploads/2020/12/polrogerextrabrut_card.jpg
330,primus 'the blend' 2017,https://vinepair.com/wp-content/uploads/2021/03/review_primus_card.jpg
331,dogwood & thistle merlot 2019,https://vinepair.com/wp-content/uploads/2021/11/50-best-wines-2021_card_wine-15.jpg
332,hartford court russian river valley chardonnay 2020,https://vinepair.com/wp-content/uploads/2022/05/buy-this-booze-chardonnay-card-russian-river.jpg
333,domaine matrot meursault les chevalieres 2018,https://vinepair.com/wp-content/uploads/2021/02/winereview_card_domainematrot_meursaultleschevalieres.jpg
334,vivanterre 'msm' 2020,https://vinepair.com/wp-content/uploads/2021/11/50-best-wines-2021_card_wine-44.jpg
335,addendum napa valley cabernet sauvignon 2017,https://vinepair.com/wp-content/uploads/2022/06/buy-this-booze-cabernet-sauvignon-card-addendum.jpg
336,"canella prosecco superiore valdobbiadene brut ""millesimato"" docg 2020",https://vinepair.com/wp-content/uploads/2022/02/btb-prosecco_card_canella.jpg
337,mayacamas vineyards cabernet sauvignon 2016,https://vinepair.com/wp-content/uploads/2021/10/btbcab_card_mayacamas.jpg
338,domaine huet vouvray 'clos du bourg' premiere trie moelleux 2018,https://vinepair.com/wp-content/uploads/2021/02/winereview_card_domainehuetvouvray_closduborug_premieretriemoelleux.jpg
339,bodegas ontañon crianza 2017,https://vinepair.com/wp-content/uploads/2021/02/ontanon_review_card.jpg
340,domaine lavantureux bougros chablis grand cru 2016,https://vinepair.com/wp-content/uploads/2021/03/review_chablis_card.jpg
341,dogwood & thistle testa vineyard carignan 2018,https://vinepair.com/wp-content/uploads/2021/01/winereview_card_dogwoodthistle_carignan.jpg
342,kita spe'y camp 4 vineyard 2016,https://vinepair.com/wp-content/uploads/2021/11/50-best-wines-2021_card_wine-45.jpg
343,champagne taittinger brut la française nv,https://vinepair.com/wp-content/uploads/2020/12/btb_champagne_card_taittinger.jpg
344,alma de cattleya sauvignon blanc 2021,https://vinepair.com/wp-content/uploads/2022/07/sauvignon-blanc-card-Alma-de-Cattleya.jpg
345,hound’s tree cornus reserve 2015,https://vinepair.com/wp-content/uploads/2021/03/review_houndstree_card.jpg
346,seghesio family vineyards rosato 2021,https://vinepair.com/wp-content/uploads/2022/05/buy-this-booze-top-roses-2022-card-seghesio.jpg
347,krug grande cuvée 168ème édition (168th edition) nv,https://vinepair.com/wp-content/uploads/2020/12/krugcuvee_card.jpg
348,vietti 'perbacco' langhe nebbiolo 2018,https://vinepair.com/wp-content/uploads/2021/01/winereview_card_vietti_perbacco_langhenebbiolo.jpg
349,bodegas avancia cuvee de o godello 2019,https://vinepair.com/wp-content/uploads/2021/02/avancia_review_card.jpg
350,revalation vineyards petit manseng 2018,https://vinepair.com/wp-content/uploads/2020/10/wineroundup_virgnia_card_revalationpetitmanseng.jpg
351,chateau ste. michelle canoe ridge estate chardonnay 2018,https://vinepair.com/wp-content/uploads/2022/05/buy-this-booze-chardonnay-card-canoe-ridge.jpg
352,la parde de haut-bailly 2010,https://vinepair.com/wp-content/uploads/2021/11/50-best-wines-2021_card_wine-13.jpg
353,bonny doon vineyard le cigare volant 2018,https://vinepair.com/wp-content/uploads/2020/11/keithwinereview_americanfood_social_bonnydoon.jpg
354,black stallion estate winery heritage napa valley chardonnay 2020,https://vinepair.com/wp-content/uploads/2022/05/buy-this-booze-chardonnay-card-black-stallion.jpg
355,tokaj-oremus aszú 5 puttonyos 2013,https://vinepair.com/wp-content/uploads/2022/02/buy-this-booze-sweet-wine_card_oremus.jpg
356,maysara jamsheed pinot noir 2015,https://vinepair.com/wp-content/uploads/2022/02/btbpinotnoir_card_maysara.jpg
357,balletto chardonnay 2017,https://vinepair.com/wp-content/uploads/2020/11/balletto_card.jpg
358,teliani valley amber blend 2019,https://vinepair.com/wp-content/uploads/2022/07/buy-this-booze-orange-wines-card-teliani-2.jpg
359,patrimony estate cabernet sauvignon 2018,https://vinepair.com/wp-content/uploads/2022/06/buy-this-booze-cabernet-sauvignon-card-patrimony.jpg
360,domaine sigalas vinsanto nv,https://vinepair.com/wp-content/uploads/2022/02/buy-this-booze-sweet-wine_card_vinsanto.jpg
361,decibel wines 'giunta' malbec nouveau 2020,https://vinepair.com/wp-content/uploads/2021/01/VS-w29Ac.jpg
362,stark-condé stellenbosch cabernet sauvignon 2019,https://vinepair.com/wp-content/uploads/2022/06/buy-this-booze-cabernet-sauvignon-card-stark-conde.jpg
363,charles heidsieck brut reserve rosé nv,https://vinepair.com/wp-content/uploads/2020/12/charleshiedsieckbrutrose_card.jpg
364,revelation by goose ridge 2021,https://vinepair.com/wp-content/uploads/2022/05/buy-this-booze-top-roses-2022-card-revelation.jpg
365,bravium anderson valley chardonnay 2019,https://vinepair.com/wp-content/uploads/2022/05/buy-this-booze-chardonnay-card-bravium.jpg
366,sanford winery pinot noir 2019,https://vinepair.com/wp-content/uploads/2022/02/btbpinotnoir_card_sanford.jpg
367,chateau d'armailhac 2017,https://vinepair.com/wp-content/uploads/2021/11/btbbordeaux_card_chateaudarmailhac.jpg
368,fox run vineyards cabernet franc 2018,https://vinepair.com/wp-content/uploads/2021/01/winereview_card_foxrun_cabernetfranc.jpg
369,rodney strong alexander valley cabernet sauvignon 2018,https://vinepair.com/wp-content/uploads/2022/06/buy-this-booze-cabernet-sauvignon-card-rodney-strong.jpg
370,weingut hirsch kammern grüner veltliner 2019,https://vinepair.com/wp-content/uploads/2021/02/winereview_card_weinguthirsch_lamm_grunerveltliner.jpg
371,cantine colosi nero d'avola terre siciliane igt 2019,https://vinepair.com/wp-content/uploads/2021/02/colosi_review_card.jpg
372,treleaven semi-dry cayuga lake riesling 2019,https://vinepair.com/wp-content/uploads/2020/11/keithwinereview_americanfood_card_treleaven.jpg
373,adami valdobbiadene prosecco superiore docg vigneto giardino asciutto rive di colbertaldo dry 2020 nv,https://vinepair.com/wp-content/uploads/2022/02/btb-prosecco_card_vignetogiardino.jpg
374,santo wines assyrtiko 2020,https://vinepair.com/wp-content/uploads/2021/11/btbthanksgivingwine_card_santorini.jpg
375,inman family whole buncha love 2020,https://vinepair.com/wp-content/uploads/2021/11/50-best-wines-2021_card_wine-26.jpg
376,leeuwin estate prelude vineyards cabernet sauvignon 2018,https://vinepair.com/wp-content/uploads/2022/06/buy-this-booze-cabernet-sauvignon-card-leeuwin.jpg
377,enroute brumaire russian river valley chardonnay 2018,https://vinepair.com/wp-content/uploads/2020/11/top50wine_card_enroutechardonnay.jpg
378,rodney strong chalk hill chardonnay 2019,https://vinepair.com/wp-content/uploads/2022/05/buy-this-booze-chardonnay-card-rodney-strong.jpg
379,cullen dancing in the sun 2018,https://vinepair.com/wp-content/uploads/2021/08/btbsauvignonblanc_ccullendancinginthesun2018_card.jpg
380,attems pinot grigio 2020,https://vinepair.com/wp-content/uploads/2022/07/btb-best-pinot-grigio-card-attems-pinot-grigio.jpg
381,balletto teresa's unoaked chardonnay 2020,https://vinepair.com/wp-content/uploads/2021/08/ballettoteresas2020_reviewcard.jpg
382,delamotte blanc de blancs vintage brut 2012,https://vinepair.com/wp-content/uploads/2020/10/delamotte_review_card_2.jpg
383,feudo montoni passito rosso nv,https://vinepair.com/wp-content/uploads/2022/02/buy-this-booze-sweet-wine_card_feudo.jpg
384,alesia rhys vineyards anderson valley chardonnay 2016,https://vinepair.com/wp-content/uploads/2021/09/btbchardonnay_alesia_card.jpg
385,allegrini amarone della valpolicella classico docg 2015,https://vinepair.com/wp-content/uploads/2021/01/winereview_card_allegriniamarone.jpg
386,kendall-jackson jackson estate hawkeye mountain cabernet sauvignon 2018,https://vinepair.com/wp-content/uploads/2022/06/buy-this-booze-cabernet-sauvignon-card-kendall-jackson.jpg
387,hirsch vineyards hirsch estate chardonnay 2020,https://vinepair.com/wp-content/uploads/2022/05/buy-this-booze-chardonnay-card-hirsch.jpg
388,gran moraine pinot noir 2019,https://vinepair.com/wp-content/uploads/2022/03/buy-this-booze-pinot-noir_card_granmoraine.jpg
389,oak farm vineyards sauvignon blanc 2019,https://vinepair.com/wp-content/uploads/2021/08/btbsauvignonblanc_oakfarmvineyardssauvignonblanc2019_card.jpg
390,clendenen family vineyards 'the pip' nebbiolo 2017,https://vinepair.com/wp-content/uploads/2021/11/50-best-wines-2021_card_wine-7.jpg
391,imagery estate winery cabernet sauvignon 2018,https://vinepair.com/wp-content/uploads/2020/11/imagery_card.jpg
392,alfred gratien classic rosé nv,https://vinepair.com/wp-content/uploads/2022/06/buy-this-booze-sparkling-rose-2022-card-alfred-gratien.jpg
393,"pierre gimonnet & fils ""cuvée gastronome"" brut 2015",https://vinepair.com/wp-content/uploads/2020/12/btb_champagne_card_pierregimonnet.jpg
394,robert biale vineyards black chicken zinfandel 2018,https://vinepair.com/wp-content/uploads/2020/10/winereview_card_biale.jpg
395,bodegas naia-vina sila 'naia' 2020,https://vinepair.com/wp-content/uploads/2021/11/50-best-wines-2021_card_wine-19.jpg
396,the vice 'the tri blend' 2019,https://vinepair.com/wp-content/uploads/2022/04/btb-red-blends-card-the-vice.jpg
397,lovelee pinot noir 2019,https://vinepair.com/wp-content/uploads/2021/11/50-best-wines-2021_card_wine-38.jpg
398,larkmead vineyards cabernet sauvignon 2018,https://vinepair.com/wp-content/uploads/2021/10/btbcab_card_larkmead.jpg
399,bollinger r.d. extra brut 2007,https://vinepair.com/wp-content/uploads/2021/12/btbchampagne_card_bollinger2007.jpg
400,chateau ste. michelle artists series meritage 2017,https://vinepair.com/wp-content/uploads/2022/04/btb-red-blends-card-chateau-st-michelle.jpg
401,gundlach bundschu estate vineyard chardonnay 2019,https://vinepair.com/wp-content/uploads/2021/09/btbchardonnay_gundlach_card.jpg
402,archery summit arcus estate pinot noir 2019,https://vinepair.com/wp-content/uploads/2022/03/btbpinotnoir_card_archerysummitt.jpg
403,tablas creek vineyard esprit blanc 2019,https://vinepair.com/wp-content/uploads/2021/11/btbthanksgivingwine_card_tablasespritdeblanc.jpg
404,seven deadly wines 'the seven deadly zins' zinfandel 2018,https://vinepair.com/wp-content/uploads/2020/12/zevendeadlyzins_2018_card.jpg
405,laurent-perrier cuvee rose brut nv,https://vinepair.com/wp-content/uploads/2021/12/btbchampagne_card_laurentperrier.jpg
406,sean minor sauvignon blanc 2020,https://vinepair.com/wp-content/uploads/2022/07/sauvignon-blanc-card-Sean-Minor-2020-Sauvignon-Blanc.jpg
407,la crema sauvignon blanc 2021,https://vinepair.com/wp-content/uploads/2022/07/sauvignon-blanc-card-la-crema-sauvignon-blanc.jpg
408,domaines barons de rothschild lafite 'legende r' 2016,https://vinepair.com/wp-content/uploads/2020/12/domainebaron_2016_card.jpg
409,pieropan soave classico 2019,https://vinepair.com/wp-content/uploads/2021/01/winereview_card_pieropan_soaveclassico.jpg
410,domaine saint gayan gigondas 2016,https://vinepair.com/wp-content/uploads/2021/11/50-best-wines-2021_card_wine-4.jpg
411,masciarelli montepulciano d'abruzzo 2019,https://vinepair.com/wp-content/uploads/2021/02/masciarelli_review_card.jpg
412,château de pizay beaujolais blanc 2020,https://vinepair.com/wp-content/uploads/2022/05/buy-this-booze-chardonnay-card-chateau-de-pizay.jpg
413,thacher shell creek vineyards highlands district valdiguié 2018,https://vinepair.com/wp-content/uploads/2020/11/top50wine_card_thachershellcreek.jpg
414,chateau aney haut-medoc cru bourgeois 2014,https://vinepair.com/wp-content/uploads/2021/11/btbbordeaux_card_chateauaney.jpg
415,hirsch vineyards block 8 pinot noir 2019,https://vinepair.com/wp-content/uploads/2022/02/btbpinotnoir_card_hirsch.jpg
416,feudi di san gregorio falanghina del sannio 2019,https://vinepair.com/wp-content/uploads/2021/02/falanghina_review_card.jpg
417,camurrìa orange 2021,https://vinepair.com/wp-content/uploads/2022/07/buy-this-booze-orange-wines-card-cammuria.jpg
418,champagne billecart-salmon brut rosé nv,https://vinepair.com/wp-content/uploads/2019/05/winereview_card_billecartsalmon.jpg
419,cattleya 'alma de cattleya' pinot noir 2019,https://vinepair.com/wp-content/uploads/2022/03/buy-this-booze-pinot-noir_card_almadecattleya.jpg
420,beau rivage chenin blanc 2017,https://vinepair.com/wp-content/uploads/2020/11/keithwinereview_americanfood_card_beaurivage.jpg
421,domaine saint andrieu côtes de provence rosé 2021,https://vinepair.com/wp-content/uploads/2022/05/buy-this-booze-top-roses-2022-card-saint-andrieu.jpg
422,inniskillin sparkling vidal icewine 2019,https://vinepair.com/wp-content/uploads/2022/02/buy-this-booze-sweet-wine_card_inniskillin.jpg
423,treleaven cabernet franc 2019,https://vinepair.com/wp-content/uploads/2020/11/top50wine_card_treleavencabernetfranc.jpg
424,ram's gate winery sauvignon blanc 2020,https://vinepair.com/wp-content/uploads/2021/08/btbsauvignonblanc_ramsgatewinerysauvignonblanc2020_card.jpg
425,teutonic wine company 'bergspitze' whole cluster pinot noir 2018,https://vinepair.com/wp-content/uploads/2021/01/winereview_card_teutonic_bergspitze_wholeclusterpinotnoir.jpg
426,chateau greysac 2015,https://vinepair.com/wp-content/uploads/2021/01/winereview_card_chateaugreysac.jpg
427,decoy sauvignon blanc 2021,https://vinepair.com/wp-content/uploads/2022/07/sauvignon-blanc-card-decoy-sauvignon-blanc.jpg
428,la crema sonoma coast chardonnay 2018,https://vinepair.com/wp-content/uploads/2021/02/lacrema_review_card.jpg
429,bodegas godelia mencía rosé 2021,https://vinepair.com/wp-content/uploads/2022/05/buy-this-booze-top-roses-2022-card-godelia.jpg
430,"vigneti del sole, pinot grigio 'delle venezie doc' 2021",https://vinepair.com/wp-content/uploads/2022/07/btb-best-pinot-grigio-card-Vigneti-del-Sole-Pinot-Grigio-Delle-Venezie-DOC.jpg
431,la kiuva rosé de vallée nv,https://vinepair.com/wp-content/uploads/2022/05/buy-this-booze-top-roses-2022-card-la-kiuva.jpg
432,trombetta family wines gap's crown vineyard chardonnay 2018,https://vinepair.com/wp-content/uploads/2021/09/btbchardonnay_trombetta_card.jpg
433,ridgecrest estate grüner veltliner 2019,https://vinepair.com/wp-content/uploads/2020/11/top50wine_card_ridgecrestveltliner.jpg
434,mylonas dry rosé 2021,https://vinepair.com/wp-content/uploads/2022/05/buy-this-booze-top-roses-2022-card-mylonas.jpg
435,laurent-perrier la cuvee brut nv,https://vinepair.com/wp-content/uploads/2020/11/winereview_internal_laurentperrier.jpg
436,lievland old vines chenin blanc 2019,https://vinepair.com/wp-content/uploads/2020/12/lievland_cheninblanc_card.jpg
437,decoy merlot 2018,https://vinepair.com/wp-content/uploads/2021/02/decoy_review_card.jpg
438,lievland vineyards cabernet sauvignon 2019,https://vinepair.com/wp-content/uploads/2022/06/buy-this-booze-cabernet-sauvignon-card-lievland.jpg
439,brooks estate vineyards pinot gris 2019,https://vinepair.com/wp-content/uploads/2020/12/winereview_card_brooksestate.jpg
440,landmark vineyards damaris reserve chardonnay 2019,https://vinepair.com/wp-content/uploads/2022/05/buy-this-booze-chardonnay-card-landmark.jpg
441,louis roederer blanc de blancs 2013,https://vinepair.com/wp-content/uploads/2020/12/btb_champagne_card_louisroederer.jpg
442,arrowood winery knights valley cabernet sauvignon 2018,https://vinepair.com/wp-content/uploads/2021/10/btbcab_card_arrowood.jpg
443,decibel crownthorpe vineyard sauvignon blanc 2020,https://vinepair.com/wp-content/uploads/2021/11/50-best-wines-2021_card_wine-24.jpg
444,banshee sonoma county sauvignon blanc 2020,https://vinepair.com/wp-content/uploads/2021/08/btbsauvignonblanc_bansheesonomacountysauvignonblanc2020_card.jpg
445,breaking bread winery rosé of zinfandel 2021,https://vinepair.com/wp-content/uploads/2022/05/buy-this-booze-top-roses-2022-card-breaking-bad.jpg
446,gamble family vineyards 2021 sauvignon blanc 2021,https://vinepair.com/wp-content/uploads/2022/07/sauvignon-blanc-card-Gamble-Family-Vineyard-2021-Sauvignon-Blanc.jpg
447,louis roederer cristal millesime brut 2013,https://vinepair.com/wp-content/uploads/2021/12/btbchampagne_card_louisroederer2013.jpg
448,anne amie vineyards pinot gris 2019,https://vinepair.com/wp-content/uploads/2021/01/winereview_card_anneamiepinotgris.jpg
449,perrier-jouët blason rosé nv,https://vinepair.com/wp-content/uploads/2021/05/btbsparklingrose_perrierjouet_reviewcard.jpg
450,balletto vineyards twin ridges vineyard chardonnay 2019,https://vinepair.com/wp-content/uploads/2022/05/buy-this-booze-chardonnay-card-balletto.jpg
451,ridgecrest vineyards 'rr' riesling 2018,https://vinepair.com/wp-content/uploads/2020/12/winereview_card_ridgecrestriesling.jpg
452,dogwood and thistle sauvignon blanc 2020,https://vinepair.com/wp-content/uploads/2022/07/sauvignon-blanc-card-Dogwood-and-Thistle-.jpg
453,skouras saint george agiorgitiko 2017,https://vinepair.com/wp-content/uploads/2020/12/skouras_stgeorge_2017_card.jpg
454,abacela blanco dulce 2020,https://vinepair.com/wp-content/uploads/2022/02/buy-this-booze-sweet-wine_card_abacela.jpg
455,vollereaux cuvee marguerite brut millesime 2011,https://vinepair.com/wp-content/uploads/2020/12/vollereauxcuveemarguerite_2011_-card.jpg
456,espectacle del montsant 2017,https://vinepair.com/wp-content/uploads/2020/11/top50wine_card_espectacledelmotsant.jpg
457,lanson black label brut nv,https://vinepair.com/wp-content/uploads/2020/12/lansonblacklabelbrut_card.jpg
458,jax vineyards y3 'taureau' 2017,https://vinepair.com/wp-content/uploads/2021/03/review_y3t_card.jpg
459,vigna lenuzza pinot grigio 2019,https://vinepair.com/wp-content/uploads/2022/07/btb-best-pinot-grigio-card-Vigna-Lenuzza-Pinot-Grigio.jpg
460,les sarrins cotes de provence rosé 2021,https://vinepair.com/wp-content/uploads/2022/05/buy-this-booze-top-roses-2022-card-le-sarrins.jpg
461,good harbor pinot grigio 2021,https://vinepair.com/wp-content/uploads/2022/07/btb-best-pinot-grigio-card-Good-Harbor-Vineyards-Pinot-Grigio.jpg
462,poliziano 'asinone' vino nobile di montepulciano docg 2017,https://vinepair.com/wp-content/uploads/2021/01/winereview_card_polizianoasione.jpg
463,giant steps winery chardonnay 2020,https://vinepair.com/wp-content/uploads/2021/09/btbchardonnay_giantsteps_card.jpg
